id,name,age,city,salary
110ff63d-74c7-4d37-8782-998b8ee15ef4,Ariel Olson,55,South Kayla,95601
21fb9d66-12bf-40a2-9949-91d348837f75,Dawn Johnson,25,West Gregory,68563
8706dded-9dd8-4b2c-be3c-84bbb4ade52d,Scott Miller,43,Obrienhaven,51738
61afc846-3ba5-44b9-82a7-91314402eefe,Timothy Duran,34,Holmesmouth,94869
4ba0e54e-008a-4f59-8dc9-0bf370a5f2a1,Joseph Martinez,34,South Michaelaside,85646
f1234860-6fa0-4809-8a1b-64eeb4b6e60b,Kyle Gates,58,North Shawnmouth,38624
e795b3f4-7f1b-45c6-a19b-8fe96fb0351e,Lisa Deleon,28,Lake Heathertown,48011
72a09af5-e66f-427f-9e18-9124d4b8cbe1,Ricky Case,62,South Laurastad,88395
637231dc-414e-4b11-b3a0-fa4f5e4375ab,Lisa Parsons,63,South Christianhaven,25657
3679e5e3-7c35-4582-aac0-1843d0094b48,Patricia Abbott,30,East Kevin,62376


